﻿<?xml version="1.0" encoding="utf-8"?>
<Root>
  <SingleMainForm>
    <CarrierWavePowerDifference>50</CarrierWavePowerDifference>
    <ReadVarParam_6C>
    </ReadVarParam_6C>
    <ReadVarParam_6B>
    </ReadVarParam_6B>
    <CheckConnect>0</CheckConnect>
  </SingleMainForm>
  <ReadForm>
    <readType>1</readType>
    <tagType>0</tagType>
    <isNewDataTOP>1</isNewDataTOP>
    <autoClear>1</autoClear>
    <AutoCheck>1</AutoCheck>
  </ReadForm>
  <AddConnect>
    <SerialConnect>COM1:406800</SerialConnect>
    <TcpConnect>192.168.1.116:9090</TcpConnect>
    <_485Connect>1:COM1:115200</_485Connect>
  </AddConnect>
  <GlobalParam>
    <tb_04_01>1</tb_04_01>
    <tb_04_00>4</tb_04_00>
    <tb_03_01>43</tb_03_01>
    <tb_03_00>0</tb_03_00>
    <chk_04>True</chk_04>
    <chk_03>False</chk_03>
    <tb_02_01>6</tb_02_01>
    <cb_02_00>0</cb_02_00>
    <chk_02>False</chk_02>
    <tb_01_02>E201D2117341008741940000</tb_01_02>
    <tb_01_01>0</tb_01_01>
    <cb_01_00>2</cb_01_00>
    <chk_01>False</chk_01>
    <tb_0010_40_03>
    </tb_0010_40_03>
    <tb_0010_40_02>00</tb_0010_40_02>
    <tb_0010_40_01>00</tb_0010_40_01>
    <cb_0010_40_00>0</cb_0010_40_00>
    <tb_13_00>1000</tb_13_00>
    <chk_13>False</chk_13>
    <tb_12_02>
    </tb_12_02>
    <tb_12_01>
    </tb_12_01>
    <cb_12_00>0</cb_12_00>
    <chk_12>False</chk_12>
    <tb_11_02>
    </tb_11_02>
    <tb_11_01>
    </tb_11_01>
    <cb_11_00>0</cb_11_00>
    <chk_11>False</chk_11>
    <tb_09_01>6</tb_09_01>
    <tb_09_00>0</tb_09_00>
    <chk_10>False</chk_10>
    <chk_09>False</chk_09>
    <chk_08>False</chk_08>
    <chk_07>False</chk_07>
    <chk_06>False</chk_06>
    <qqTextBoxEx1>00000000</qqTextBoxEx1>
    <chk_05>False</chk_05>
    <cb_gb_04_00>0</cb_gb_04_00>
    <cb_gb_03_00>0</cb_gb_03_00>
    <cb_gb_03_02>6</cb_gb_03_02>
    <cb_gb_03_01>4</cb_gb_03_01>
    <chk_gb_03>False</chk_gb_03>
    <cb_gb_02_01>4</cb_gb_02_01>
    <cb_gb_02_00>0</cb_gb_02_00>
    <chk_gb_02>False</chk_gb_02>
    <tb_gb_01_02>
    </tb_gb_01_02>
    <tb_gb_01_01>0</tb_gb_01_01>
    <cb_gb_01_00>0</cb_gb_01_00>
    <chk_gb_01>False</chk_gb_01>
    <cbo_tagType>0</cbo_tagType>
    <cb_tagType>False</cb_tagType>
    <tb_gb_06_00>1000</tb_gb_06_00>
    <chk_gb_06>False</chk_gb_06>
    <tb_gb_05_01>
    </tb_gb_05_01>
    <tb_gb_04_01>
    </tb_gb_04_01>
    <tb_gb_05_02>
    </tb_gb_05_02>
    <tb_gb_04_02>
    </tb_gb_04_02>
    <cb_gb_05_00>0</cb_gb_05_00>
    <chk_gb_05>False</chk_gb_05>
    <chk_gb_04>False</chk_gb_04>
    <cb_gb_03_03>00000000</cb_gb_03_03>
    <myCheckeBox1>True</myCheckeBox1>
    <chk_gb_07>False</chk_gb_07>
    <chk_14>False</chk_14>
    <chk_17>False</chk_17>
    <chk_0c>False</chk_0c>
    <tb_ReadDelay>
    </tb_ReadDelay>
    <cb_delay_EPC>False</cb_delay_EPC>
    <cb_delay_Reserved>False</cb_delay_Reserved>
    <cb_delay_User>False</cb_delay_User>
    <cb_delay_TID>False</cb_delay_TID>
    <chk_18>False</chk_18>
  </GlobalParam>
  <SettingGPI_ReadParam_0>
  </SettingGPI_ReadParam_0>
  <SettingGPI_ReadParam_1>
  </SettingGPI_ReadParam_1>
  <SettingGPI_ReadParam_2>
  </SettingGPI_ReadParam_2>
  <!-- 自定义命令保存 -->
  <SettingGPI>
    <Command_0>021000020101</Command_0>
    <Command_1>021000050101020006</Command_1>
    <Command_2>021000020301</Command_2>
    <Command_3>021000050301020006</Command_3>
    <Command_4>021000020F01</Command_4>
    <Command_5>021000050F01020006</Command_5>
  </SettingGPI>
  <ToolsSetGPO>
  </ToolsSetGPO>
  <PwdInput>
    <Password>5939F5BC45A54FD0771F4F412BA58F3A</Password>
  </PwdInput>
  <Option>
    <CheckConnectedAntenna>NO</CheckConnectedAntenna>
    <ProjectMagURL>http://120.79.115.195:8888/DeviceAPI/</ProjectMagURL>
  </Option>
  <WorkMode>
    <Normal>
    </Normal>
  </WorkMode>
</Root>